time_index,sender,modality,probe,value
0,0,moisture,M1,38.015
0,0,moisture,M2,40.995000000000005
0,0,rain,R,0.0
0,0,temperature,T1,24.35
0,0,temperature,T2,24.43
0,3,moisture,M1,48.25
0,3,moisture,M2,45.88
0,3,rain,R,500.0
0,3,temperature,T1,25.09
0,3,temperature,T2,23.15
1,1,moisture,M1,72.07
1,1,moisture,M2,81.29
1,1,rain,R,0.0
1,1,temperature,T1,24.22
1,1,temperature,T2,24.29
1,4,moisture,M1,28.84
1,4,moisture,M2,38.56
1,4,rain,R,0.0
1,4,temperature,T1,24.42
1,4,temperature,T2,24.47
2,1,moisture,M1,72.18
2,1,moisture,M2,81.44
2,1,rain,R,0.0
2,1,temperature,T1,24.29
2,1,temperature,T2,24.35
2,4,moisture,M1,28.76
2,4,moisture,M2,38.48
2,4,rain,R,0.0
2,4,temperature,T1,24.44
2,4,temperature,T2,24.48
3,1,moisture,M1,72.14
3,1,moisture,M2,81.5
3,1,rain,R,0.0
3,1,temperature,T1,24.2
3,1,temperature,T2,24.33
4,0,moisture,M1,37.72
4,0,moisture,M2,40.6
4,0,rain,R,0.0
4,0,temperature,T1,24.2
4,0,temperature,T2,24.3
5,4,moisture,M1,28.52
5,4,moisture,M2,38.175
5,4,rain,R,0.0
5,4,temperature,T1,24.4
5,4,temperature,T2,24.46
6,0,moisture,M1,37.74
6,0,moisture,M2,40.61
6,0,rain,R,0.0
6,0,temperature,T1,24.27
6,0,temperature,T2,24.37
6,3,moisture,M1,48.22
6,3,moisture,M2,45.96
6,3,rain,R,0.0
6,3,temperature,T1,25.11
6,3,temperature,T2,23.13
7,3,moisture,M1,48.31
7,3,moisture,M2,45.91
7,3,rain,R,0.0
7,3,temperature,T1,25.07
7,3,temperature,T2,23.07
7,4,moisture,M1,28.95
7,4,moisture,M2,38.57
7,4,rain,R,0.0
7,4,temperature,T1,24.38
7,4,temperature,T2,24.45
8,0,moisture,M1,37.64
8,0,moisture,M2,40.54
8,0,rain,R,0.0
8,0,temperature,T1,24.25
8,0,temperature,T2,24.34
8,1,moisture,M1,72.15
8,1,moisture,M2,81.48
8,1,rain,R,0.0
8,1,temperature,T1,24.2
8,1,temperature,T2,24.28
9,3,moisture,M1,48.14
9,3,moisture,M2,45.81
9,3,rain,R,0.0
9,3,temperature,T1,25.04
9,3,temperature,T2,23.12
9,4,moisture,M1,29.01
9,4,moisture,M2,38.68
9,4,rain,R,0.0
9,4,temperature,T1,24.44
9,4,temperature,T2,24.45
10,0,moisture,M1,37.69
10,0,moisture,M2,40.55
10,0,rain,R,0.0
10,0,temperature,T1,24.28
10,0,temperature,T2,24.35
10,1,moisture,M1,78.35
10,1,moisture,M2,88.34
10,1,rain,R,3000.0
10,1,temperature,T1,24.13
10,1,temperature,T2,24.25
10,3,moisture,M1,48.05
10,3,moisture,M2,45.52
10,3,rain,R,0.0
10,3,temperature,T1,25.03
10,3,temperature,T2,23.1
11,1,moisture,M1,78.61
11,1,moisture,M2,88.79
11,1,rain,R,0.0
11,1,temperature,T1,24.16
11,1,temperature,T2,24.26
12,1,moisture,M1,78.43
12,1,moisture,M2,88.51
12,1,rain,R,0.0
12,1,temperature,T1,24.1
12,1,temperature,T2,24.23
13,0,moisture,M1,37.56
13,0,moisture,M2,40.47
13,0,rain,R,0.0
13,0,temperature,T1,24.23
13,0,temperature,T2,24.29
13,4,moisture,M1,28.9
13,4,moisture,M2,38.6
13,4,rain,R,0.0
13,4,temperature,T1,24.38
13,4,temperature,T2,24.41
14,2,moisture,M1,49.83
14,2,moisture,M2,49.3
14,2,rain,R,0.0
14,2,temperature,T1,23.46
14,2,temperature,T2,26.5
15,0,moisture,M1,37.65
15,0,moisture,M2,40.57
15,0,rain,R,0.0
15,0,temperature,T1,24.19
15,0,temperature,T2,24.27
15,2,moisture,M1,50.55
15,2,moisture,M2,49.92
15,2,rain,R,500.0
15,2,temperature,T1,23.47
15,2,temperature,T2,26.49
16,3,moisture,M1,47.89
16,3,moisture,M2,45.58
16,3,rain,R,0.0
16,3,temperature,T1,25.0
16,3,temperature,T2,23.1
17,3,moisture,M1,47.57
17,3,moisture,M2,45.239999999999995
17,3,rain,R,0.0
17,3,temperature,T1,24.975
17,3,temperature,T2,23.04
17,4,moisture,M1,28.88
17,4,moisture,M2,38.53
17,4,rain,R,0.0
17,4,temperature,T1,24.29
17,4,temperature,T2,24.35
18,2,moisture,M1,50.51
18,2,moisture,M2,49.91
18,2,rain,R,0.0
18,2,temperature,T1,23.37
18,2,temperature,T2,26.37
19,2,moisture,M1,50.37
19,2,moisture,M2,49.92
19,2,rain,R,0.0
19,2,temperature,T1,23.38
19,2,temperature,T2,26.39
19,101,pressure,P,-72.2
20,0,moisture,M1,37.94
20,0,moisture,M2,40.65
20,0,rain,R,0.0
20,0,temperature,T1,24.17
20,0,temperature,T2,24.19
20,3,moisture,M1,47.7
20,3,moisture,M2,45.28
20,3,rain,R,0.0
20,3,temperature,T1,24.96
20,3,temperature,T2,23.03
20,4,moisture,M1,28.55
20,4,moisture,M2,38.25
20,4,rain,R,0.0
20,4,temperature,T1,24.29
20,4,temperature,T2,24.35
21,1,moisture,M1,78.51
21,1,moisture,M2,88.47
21,1,rain,R,0.0
21,1,temperature,T1,24.07
21,1,temperature,T2,24.21
21,101,pressure,P,-72.66
22,0,moisture,M1,38.095
22,0,moisture,M2,41.010000000000005
22,0,rain,R,0.0
22,0,temperature,T1,24.18
22,0,temperature,T2,24.270000000000003
22,101,pressure,P,-73.7
23,1,moisture,M1,77.7
23,1,moisture,M2,87.72
23,1,rain,R,0.0
23,1,temperature,T1,24.17
23,1,temperature,T2,24.23
23,101,pressure,P,-73.56
24,4,moisture,M1,28.7
24,4,moisture,M2,38.45
24,4,rain,R,0.0
24,4,temperature,T1,24.35
24,4,temperature,T2,24.38
25,1,moisture,M1,78.37
25,1,moisture,M2,88.47
25,1,rain,R,500.0
25,1,temperature,T1,24.11
25,1,temperature,T2,24.19
25,2,moisture,M1,49.86
25,2,moisture,M2,49.26
25,2,rain,R,0.0
25,2,temperature,T1,23.42
25,2,temperature,T2,26.37
26,0,moisture,M1,43.03
26,0,moisture,M2,46.21
26,0,rain,R,3000.0
26,0,temperature,T1,24.1
26,0,temperature,T2,24.15
26,2,moisture,M1,49.91
26,2,moisture,M2,49.36
26,2,rain,R,0.0
26,2,temperature,T1,23.32
26,2,temperature,T2,26.29
26,3,moisture,M1,48.74
26,3,moisture,M2,46.3
26,3,rain,R,500.0
26,3,temperature,T1,24.97
26,3,temperature,T2,22.96
27,1,moisture,M1,78.19
27,1,moisture,M2,88.19
27,1,rain,R,0.0
27,1,temperature,T1,24.01
27,1,temperature,T2,24.11
28,1,moisture,M1,77.93
28,1,moisture,M2,87.92
28,1,rain,R,0.0
28,1,temperature,T1,24.07
28,1,temperature,T2,24.13
29,1,moisture,M1,93.42
29,1,moisture,M2,105.23
29,1,rain,R,8000.0
29,1,temperature,T1,24.06
29,1,temperature,T2,24.15
30,0,moisture,M1,42.76
30,0,moisture,M2,45.88
30,0,rain,R,0.0
30,0,temperature,T1,24.14
30,0,temperature,T2,24.19
30,2,moisture,M1,49.6
30,2,moisture,M2,48.92
30,2,rain,R,0.0
30,2,temperature,T1,23.34
30,2,temperature,T2,26.32
30,3,moisture,M1,48.66
30,3,moisture,M2,46.34
30,3,rain,R,0.0
30,3,temperature,T1,24.88
30,3,temperature,T2,22.93
31,1,moisture,M1,93.46
31,1,moisture,M2,105.15
31,1,rain,R,0.0
31,1,temperature,T1,24.05
31,1,temperature,T2,24.15
32,0,moisture,M1,42.57
32,0,moisture,M2,45.74
32,0,rain,R,0.0
32,0,temperature,T1,24.11
32,0,temperature,T2,24.16
32,1,moisture,M1,93.47
32,1,moisture,M2,105.24
32,1,rain,R,0.0
32,1,temperature,T1,24.04
32,1,temperature,T2,24.14
33,4,moisture,M1,28.8
33,4,moisture,M2,38.4
33,4,rain,R,0.0
33,4,temperature,T1,24.31
33,4,temperature,T2,24.33
34,0,moisture,M1,42.535
34,0,moisture,M2,45.614999999999995
34,0,rain,R,0.0
34,0,temperature,T1,24.15
34,0,temperature,T2,24.22
34,101,pressure,P,-74.01
35,2,moisture,M1,49.43
35,2,moisture,M2,48.65
35,2,rain,R,0.0
35,2,temperature,T1,23.37
35,2,temperature,T2,26.37
35,4,moisture,M1,28.82
35,4,moisture,M2,38.45
35,4,rain,R,0.0
35,4,temperature,T1,24.34
35,4,temperature,T2,24.33
36,101,pressure,P,-75.6
37,1,moisture,M1,93.79
37,1,moisture,M2,105.65
37,1,rain,R,0.0
37,1,temperature,T1,24.12
37,1,temperature,T2,24.18
38,0,moisture,M1,42.61
38,0,moisture,M2,45.88
38,0,rain,R,0.0
38,0,temperature,T1,24.2
38,0,temperature,T2,24.23
38,3,moisture,M1,49.25
38,3,moisture,M2,46.79
38,3,rain,R,0.0
38,3,temperature,T1,24.97
38,3,temperature,T2,23.03
39,0,moisture,M1,42.65
39,0,moisture,M2,45.82
39,0,rain,R,0.0
39,0,temperature,T1,24.19
39,0,temperature,T2,24.28
40,0,moisture,M1,43.355000000000004
40,0,moisture,M2,46.54
40,0,rain,R,600.0
40,0,temperature,T1,24.21
40,0,temperature,T2,24.265
40,101,pressure,P,-75.64
41,0,moisture,M1,44.35
41,0,moisture,M2,47.57
41,0,rain,R,0.0
41,0,temperature,T1,24.2
41,0,temperature,T2,24.3
42,3,moisture,M1,49.92
42,3,moisture,M2,47.27
42,3,rain,R,500.0
42,3,temperature,T1,24.94
42,3,temperature,T2,23.01
43,3,moisture,M1,49.58
43,3,moisture,M2,46.88
43,3,rain,R,0.0
43,3,temperature,T1,24.92
43,3,temperature,T2,22.99
43,101,pressure,P,-75.86
44,2,moisture,M1,49.46
44,2,moisture,M2,48.88
44,2,rain,R,0.0
44,2,temperature,T1,23.34
44,2,temperature,T2,26.37
44,3,moisture,M1,50.1
44,3,moisture,M2,47.57
44,3,rain,R,0.0
44,3,temperature,T1,24.96
44,3,temperature,T2,22.97
45,0,moisture,M1,43.74
45,0,moisture,M2,46.95
45,0,rain,R,0.0
45,0,temperature,T1,24.11
45,0,temperature,T2,24.17
45,2,moisture,M1,49.61
45,2,moisture,M2,48.94
45,2,rain,R,0.0
45,2,temperature,T1,23.33
45,2,temperature,T2,26.31
46,0,moisture,M1,43.845
46,0,moisture,M2,46.965
46,0,rain,R,0.0
46,0,temperature,T1,24.155
46,0,temperature,T2,24.2
46,101,pressure,P,-74.35
47,1,moisture,M1,93.73
47,1,moisture,M2,105.61
47,1,rain,R,0.0
47,1,temperature,T1,24.07
47,1,temperature,T2,24.15
48,3,moisture,M1,50.435
48,3,moisture,M2,47.739999999999995
48,3,rain,R,0.0
48,3,temperature,T1,24.875
48,3,temperature,T2,22.945
48,101,pressure,P,-75.61
49,1,moisture,M1,93.585
49,1,moisture,M2,105.38499999999999
49,1,rain,R,0.0
49,1,temperature,T1,24.064999999999998
49,1,temperature,T2,24.16
50,1,moisture,M1,93.75
50,1,moisture,M2,105.6
50,1,rain,R,0.0
50,1,temperature,T1,24.04
50,1,temperature,T2,24.11
50,2,moisture,M1,49.5
50,2,moisture,M2,48.99
50,2,rain,R,0.0
50,2,temperature,T1,23.33
50,2,temperature,T2,26.35
51,0,moisture,M1,44.099999999999994
51,0,moisture,M2,47.295
51,0,rain,R,0.0
51,0,temperature,T1,24.035
51,0,temperature,T2,24.095
52,3,moisture,M1,50.5
52,3,moisture,M2,47.83
52,3,rain,R,0.0
52,3,temperature,T1,24.82
52,3,temperature,T2,22.845
53,0,moisture,M1,43.96
53,0,moisture,M2,47.12
53,0,rain,R,0.0
53,0,temperature,T1,24.05
53,0,temperature,T2,24.1
53,2,moisture,M1,70.22999999999999
53,2,moisture,M2,39.67
53,2,rain,R,3000.0
53,2,temperature,T1,23.33
53,2,temperature,T2,26.29
53,3,moisture,M1,50.32
53,3,moisture,M2,47.67
53,3,rain,R,0.0
53,3,temperature,T1,24.8
53,3,temperature,T2,22.84
54,3,moisture,M1,50.94
54,3,moisture,M2,48.31
54,3,rain,R,0.0
54,3,temperature,T1,24.85
54,3,temperature,T2,22.89
54,101,pressure,P,-76.9
55,4,moisture,M1,28.5
55,4,moisture,M2,38.17
55,4,rain,R,0.0
55,4,temperature,T1,24.12
55,4,temperature,T2,24.21
56,4,moisture,M1,28.4
56,4,moisture,M2,38.03
56,4,rain,R,0.0
56,4,temperature,T1,24.17
56,4,temperature,T2,24.18
56,101,pressure,P,-76.64500000000001
57,1,moisture,M1,93.69
57,1,moisture,M2,105.38
57,1,rain,R,0.0
57,1,temperature,T1,23.95
57,1,temperature,T2,24.03
57,101,pressure,P,-77.19
58,1,moisture,M1,93.48
58,1,moisture,M2,105.21
58,1,rain,R,0.0
58,1,temperature,T1,23.99
58,1,temperature,T2,24.15
58,4,moisture,M1,28.61
58,4,moisture,M2,38.17
58,4,rain,R,0.0
58,4,temperature,T1,24.19
58,4,temperature,T2,24.25
59,1,moisture,M1,93.51
59,1,moisture,M2,105.25
59,1,rain,R,0.0
59,1,temperature,T1,24.03
59,1,temperature,T2,24.14
59,2,moisture,M1,70.16
59,2,moisture,M2,69.92
59,2,rain,R,8000.0
59,2,temperature,T1,23.36
59,2,temperature,T2,26.3
60,1,moisture,M1,93.01
60,1,moisture,M2,104.6
60,1,rain,R,0.0
60,1,temperature,T1,24.06
60,1,temperature,T2,24.17
61,1,moisture,M1,93.03999999999999
61,1,moisture,M2,104.81
61,1,rain,R,0.0
61,1,temperature,T1,24.075
61,1,temperature,T2,24.165
62,2,moisture,M1,70.23
62,2,moisture,M2,70.0
62,2,rain,R,0.0
62,2,temperature,T1,23.4
62,2,temperature,T2,26.4
63,4,moisture,M1,28.74
63,4,moisture,M2,38.35
63,4,rain,R,0.0
63,4,temperature,T1,24.34
63,4,temperature,T2,24.37
63,101,pressure,P,-78.81
64,0,moisture,M1,43.25
64,0,moisture,M2,46.39
64,0,rain,R,0.0
64,0,temperature,T1,24.2
64,0,temperature,T2,24.26
64,4,moisture,M1,28.83
64,4,moisture,M2,38.45
64,4,rain,R,0.0
64,4,temperature,T1,24.32
64,4,temperature,T2,24.38
65,0,moisture,M1,43.27
65,0,moisture,M2,46.45
65,0,rain,R,0.0
65,0,temperature,T1,24.19
65,0,temperature,T2,24.32
65,2,moisture,M1,70.18
65,2,moisture,M2,70.2
65,2,rain,R,0.0
65,2,temperature,T1,23.48
65,2,temperature,T2,26.42
66,2,moisture,M1,75.76
66,2,moisture,M2,75.63
66,2,rain,R,3000.0
66,2,temperature,T1,23.47
66,2,temperature,T2,26.5
66,3,moisture,M1,51.32
66,3,moisture,M2,48.56
66,3,rain,R,0.0
66,3,temperature,T1,25.08
66,3,temperature,T2,23.1
67,2,moisture,M1,75.78
67,2,moisture,M2,75.82
67,2,rain,R,0.0
67,2,temperature,T1,23.55
67,2,temperature,T2,26.55
68,1,moisture,M1,93.34
68,1,moisture,M2,105.2
68,1,rain,R,0.0
68,1,temperature,T1,24.14
68,1,temperature,T2,24.3
68,2,moisture,M1,75.78
68,2,moisture,M2,75.68
68,2,rain,R,0.0
68,2,temperature,T1,23.49
68,2,temperature,T2,26.53
69,2,moisture,M1,75.75
69,2,moisture,M2,75.71
69,2,rain,R,0.0
69,2,temperature,T1,23.54
69,2,temperature,T2,26.56
69,3,moisture,M1,52.01
69,3,moisture,M2,49.17
69,3,rain,R,0.0
69,3,temperature,T1,25.06
69,3,temperature,T2,23.11
70,1,moisture,M1,93.26
70,1,moisture,M2,105.1
70,1,rain,R,0.0
70,1,temperature,T1,24.21
70,1,temperature,T2,24.29
71,2,moisture,M1,75.7
71,2,moisture,M2,75.63
71,2,rain,R,0.0
71,2,temperature,T1,23.485
71,2,temperature,T2,26.485
72,0,moisture,M1,43.21
72,0,moisture,M2,46.3
72,0,rain,R,0.0
72,0,temperature,T1,24.21
72,0,temperature,T2,24.27
72,3,moisture,M1,51.37
72,3,moisture,M2,48.63
72,3,rain,R,0.0
72,3,temperature,T1,25.03
72,3,temperature,T2,23.07
73,0,moisture,M1,57.67
73,0,moisture,M2,61.48
73,0,rain,R,8000.0
73,0,temperature,T1,24.18
73,0,temperature,T2,24.27
73,3,moisture,M1,51.71
73,3,moisture,M2,49.01
73,3,rain,R,0.0
73,3,temperature,T1,24.96
73,3,temperature,T2,23.07
74,2,moisture,M1,74.96
74,2,moisture,M2,74.8
74,2,rain,R,0.0
74,2,temperature,T1,23.42
74,2,temperature,T2,26.46
74,4,moisture,M1,29.07
74,4,moisture,M2,38.65
74,4,rain,R,0.0
74,4,temperature,T1,24.41
74,4,temperature,T2,24.46
75,1,moisture,M1,93.11
75,1,moisture,M2,104.85
75,1,rain,R,0.0
75,1,temperature,T1,24.14
75,1,temperature,T2,24.25
75,4,moisture,M1,28.94
75,4,moisture,M2,38.61
75,4,rain,R,0.0
75,4,temperature,T1,24.38
75,4,temperature,T2,24.42
75,101,pressure,P,-79.29
76,0,moisture,M1,57.75
76,0,moisture,M2,61.48
76,0,rain,R,0.0
76,0,temperature,T1,24.17
76,0,temperature,T2,24.21
77,2,moisture,M1,75.21
77,2,moisture,M2,75.19
77,2,rain,R,0.0
77,2,temperature,T1,23.43
77,2,temperature,T2,26.43
77,101,pressure,P,-78.95
78,3,moisture,M1,51.71
78,3,moisture,M2,48.92
78,3,rain,R,0.0
78,3,temperature,T1,24.98
78,3,temperature,T2,23.0
79,2,moisture,M1,74.84
79,2,moisture,M2,74.77
79,2,rain,R,0.0
79,2,temperature,T1,23.42
79,2,temperature,T2,26.39
80,101,pressure,P,-78.92
81,2,moisture,M1,74.78
81,2,moisture,M2,74.76
81,2,rain,R,0.0
81,2,temperature,T1,23.41
81,2,temperature,T2,26.45
82,1,moisture,M1,99.07
82,1,moisture,M2,111.5
82,1,rain,R,3000.0
82,1,temperature,T1,24.09
82,1,temperature,T2,24.19
82,4,moisture,M1,28.14
82,4,moisture,M2,37.89
82,4,rain,R,0.0
82,4,temperature,T1,24.35
82,4,temperature,T2,24.36
83,0,moisture,M1,57.69
83,0,moisture,M2,61.5
83,0,rain,R,0.0
83,0,temperature,T1,24.19
83,0,temperature,T2,24.27
83,1,moisture,M1,99.23
83,1,moisture,M2,111.5
83,1,rain,R,0.0
83,1,temperature,T1,24.13
83,1,temperature,T2,24.2
83,4,moisture,M1,45.26
83,4,moisture,M2,54.84
83,4,rain,R,8000.0
83,4,temperature,T1,24.4
83,4,temperature,T2,24.45
84,3,moisture,M1,52.01
84,3,moisture,M2,49.09
84,3,rain,R,0.0
84,3,temperature,T1,25.07
84,3,temperature,T2,23.13
85,4,moisture,M1,45.584999999999994
85,4,moisture,M2,55.114999999999995
85,4,rain,R,0.0
85,4,temperature,T1,24.485
85,4,temperature,T2,24.545
86,2,moisture,M1,74.76
86,2,moisture,M2,74.72
86,2,rain,R,0.0
86,2,temperature,T1,23.52
86,2,temperature,T2,26.56
86,4,moisture,M1,45.84
86,4,moisture,M2,55.47
86,4,rain,R,0.0
86,4,temperature,T1,24.49
86,4,temperature,T2,24.48
87,3,moisture,M1,52.13
87,3,moisture,M2,49.35
87,3,rain,R,0.0
87,3,temperature,T1,25.12
87,3,temperature,T2,23.13
88,0,moisture,M1,57.36
88,0,moisture,M2,61.09
88,0,rain,R,0.0
88,0,temperature,T1,24.39
88,0,temperature,T2,24.43
88,2,moisture,M1,74.7
88,2,moisture,M2,74.61
88,2,rain,R,0.0
88,2,temperature,T1,23.61
88,2,temperature,T2,26.63
89,4,moisture,M1,45.72
89,4,moisture,M2,55.36
89,4,rain,R,0.0
89,4,temperature,T1,24.51
89,4,temperature,T2,24.56
90,0,moisture,M1,57.46
90,0,moisture,M2,61.25
90,0,rain,R,0.0
90,0,temperature,T1,24.36
90,0,temperature,T2,24.45
90,101,pressure,P,-79.33500000000001
91,1,moisture,M1,98.95
91,1,moisture,M2,111.36
91,1,rain,R,0.0
91,1,temperature,T1,24.34
91,1,temperature,T2,24.39
92,1,moisture,M1,98.72
92,1,moisture,M2,111.06
92,1,rain,R,0.0
92,1,temperature,T1,24.270000000000003
92,1,temperature,T2,24.369999999999997
93,1,moisture,M1,99.27
93,1,moisture,M2,111.78
93,1,rain,R,500.0
93,1,temperature,T1,24.28
93,1,temperature,T2,24.36
93,101,pressure,P,-80.41
94,1,moisture,M1,100.2
94,1,moisture,M2,112.57
94,1,rain,R,500.0
94,1,temperature,T1,24.25
94,1,temperature,T2,24.36
94,101,pressure,P,-80.87
95,0,moisture,M1,57.38
95,0,moisture,M2,61.1
95,0,rain,R,0.0
95,0,temperature,T1,24.37
95,0,temperature,T2,24.46
95,4,moisture,M1,45.74
95,4,moisture,M2,55.44
95,4,rain,R,0.0
95,4,temperature,T1,24.49
95,4,temperature,T2,24.56
96,2,moisture,M1,74.6
96,2,moisture,M2,74.6
96,2,rain,R,0.0
96,2,temperature,T1,23.6
96,2,temperature,T2,26.67
97,0,moisture,M1,57.37
97,0,moisture,M2,61.05
97,0,rain,R,0.0
97,0,temperature,T1,24.35
97,0,temperature,T2,24.39
97,4,moisture,M1,45.92
97,4,moisture,M2,55.39
97,4,rain,R,0.0
97,4,temperature,T1,24.4
97,4,temperature,T2,24.49
98,0,moisture,M1,62.59
98,0,moisture,M2,66.58
98,0,rain,R,3000.0
98,0,temperature,T1,24.29
98,0,temperature,T2,24.34
98,2,moisture,M1,74.16
98,2,moisture,M2,74.1
98,2,rain,R,0.0
98,2,temperature,T1,23.56
98,2,temperature,T2,26.52
99,0,moisture,M1,62.87
99,0,moisture,M2,66.79
99,0,rain,R,0.0
99,0,temperature,T1,24.31
99,0,temperature,T2,24.37
99,3,moisture,M1,52.12
99,3,moisture,M2,49.31
99,3,rain,R,0.0
99,3,temperature,T1,25.12
99,3,temperature,T2,23.13
100,1,moisture,M1,99.83
100,1,moisture,M2,112.16
100,1,rain,R,0.0
100,1,temperature,T1,24.31
100,1,temperature,T2,24.37
100,4,moisture,M1,45.76
100,4,moisture,M2,55.32
100,4,rain,R,0.0
100,4,temperature,T1,24.5
100,4,temperature,T2,24.51
101,0,moisture,M1,62.96
101,0,moisture,M2,66.95
101,0,rain,R,0.0
101,0,temperature,T1,24.33
101,0,temperature,T2,24.38
101,2,moisture,M1,73.99
101,2,moisture,M2,73.83
101,2,rain,R,0.0
101,2,temperature,T1,23.6
101,2,temperature,T2,26.61
101,4,moisture,M1,45.81
101,4,moisture,M2,55.32
101,4,rain,R,0.0
101,4,temperature,T1,24.53
101,4,temperature,T2,24.58
102,3,moisture,M1,51.69
102,3,moisture,M2,48.84
102,3,rain,R,0.0
102,3,temperature,T1,25.17
102,3,temperature,T2,23.22
102,4,moisture,M1,45.82
102,4,moisture,M2,55.38
102,4,rain,R,0.0
102,4,temperature,T1,24.55
102,4,temperature,T2,24.62
103,2,moisture,M1,73.89
103,2,moisture,M2,73.8
103,2,rain,R,0.0
103,2,temperature,T1,23.56
103,2,temperature,T2,26.59
104,1,moisture,M1,99.505
104,1,moisture,M2,111.85499999999999
104,1,rain,R,0.0
104,1,temperature,T1,24.295
104,1,temperature,T2,24.375
105,3,moisture,M1,51.68
105,3,moisture,M2,49.01
105,3,rain,R,0.0
105,3,temperature,T1,25.08
105,3,temperature,T2,23.13
106,0,moisture,M1,63.0
106,0,moisture,M2,66.88
106,0,rain,R,0.0
106,0,temperature,T1,24.33
106,0,temperature,T2,24.38
106,2,moisture,M1,74.33
106,2,moisture,M2,74.22
106,2,rain,R,0.0
106,2,temperature,T1,23.53
106,2,temperature,T2,26.54
107,1,moisture,M1,99.53
107,1,moisture,M2,111.98
107,1,rain,R,0.0
107,1,temperature,T1,24.33
107,1,temperature,T2,24.41
108,0,moisture,M1,62.79
108,0,moisture,M2,66.63
108,0,rain,R,0.0
108,0,temperature,T1,24.37
108,0,temperature,T2,24.43
108,3,moisture,M1,51.83
108,3,moisture,M2,49.02
108,3,rain,R,0.0
108,3,temperature,T1,25.16
108,3,temperature,T2,23.18
109,3,moisture,M1,51.62
109,3,moisture,M2,48.73
109,3,rain,R,0.0
109,3,temperature,T1,25.08
109,3,temperature,T2,23.07
110,0,moisture,M1,62.56
110,0,moisture,M2,66.5
110,0,rain,R,0.0
110,0,temperature,T1,24.3
110,0,temperature,T2,24.32
110,3,moisture,M1,51.28
110,3,moisture,M2,48.66
110,3,rain,R,0.0
110,3,temperature,T1,25.02
110,3,temperature,T2,23.07
111,1,moisture,M1,99.51
111,1,moisture,M2,111.95
111,1,rain,R,0.0
111,1,temperature,T1,24.24
111,1,temperature,T2,24.3
112,2,moisture,M1,74.25
112,2,moisture,M2,74.11
112,2,rain,R,0.0
112,2,temperature,T1,23.49
112,2,temperature,T2,26.52
112,3,moisture,M1,50.81
112,3,moisture,M2,48.06
112,3,rain,R,0.0
112,3,temperature,T1,25.04
112,3,temperature,T2,23.08
113,1,moisture,M1,99.13499999999999
113,1,moisture,M2,111.545
113,1,rain,R,0.0
113,1,temperature,T1,24.155
113,1,temperature,T2,24.265
114,1,moisture,M1,98.63
114,1,moisture,M2,110.92
114,1,rain,R,0.0
114,1,temperature,T1,24.14
114,1,temperature,T2,24.21
114,4,moisture,M1,45.32
114,4,moisture,M2,55.04
114,4,rain,R,0.0
114,4,temperature,T1,24.4
114,4,temperature,T2,24.42
115,101,pressure,P,-82.07
116,0,moisture,M1,62.43
116,0,moisture,M2,66.33
116,0,rain,R,0.0
116,0,temperature,T1,24.21
116,0,temperature,T2,24.28
116,1,moisture,M1,99.14
116,1,moisture,M2,111.61
116,1,rain,R,0.0
116,1,temperature,T1,24.16
116,1,temperature,T2,24.23
117,0,moisture,M1,68.0
117,0,moisture,M2,72.24
117,0,rain,R,3000.0
117,0,temperature,T1,24.18
117,0,temperature,T2,24.25
117,3,moisture,M1,50.78
117,3,moisture,M2,47.97
117,3,rain,R,0.0
117,3,temperature,T1,25.01
117,3,temperature,T2,23.09
117,4,moisture,M1,45.69
117,4,moisture,M2,55.19
117,4,rain,R,0.0
117,4,temperature,T1,24.39
117,4,temperature,T2,24.41
118,2,moisture,M1,74.26
118,2,moisture,M2,74.28
118,2,rain,R,0.0
118,2,temperature,T1,23.48
118,2,temperature,T2,26.5
119,1,moisture,M1,99.03
119,1,moisture,M2,111.39
119,1,rain,R,0.0
119,1,temperature,T1,24.23
119,1,temperature,T2,24.34
119,3,moisture,M1,51.1
119,3,moisture,M2,48.44
119,3,rain,R,0.0
119,3,temperature,T1,25.05
119,3,temperature,T2,23.12
119,4,moisture,M1,45.62
119,4,moisture,M2,55.19
119,4,rain,R,0.0
119,4,temperature,T1,24.41
119,4,temperature,T2,24.52
120,0,moisture,M1,68.16
120,0,moisture,M2,72.4
120,0,rain,R,0.0
120,0,temperature,T1,24.27
120,0,temperature,T2,24.355
121,3,moisture,M1,50.8
121,3,moisture,M2,48.06
121,3,rain,R,0.0
121,3,temperature,T1,25.14
121,3,temperature,T2,23.22
122,1,moisture,M1,99.11
122,1,moisture,M2,111.48
122,1,rain,R,0.0
122,1,temperature,T1,24.33
122,1,temperature,T2,24.41
122,4,moisture,M1,45.99
122,4,moisture,M2,55.46
122,4,rain,R,0.0
122,4,temperature,T1,24.56
122,4,temperature,T2,24.63
123,1,moisture,M1,99.14
123,1,moisture,M2,111.45
123,1,rain,R,0.0
123,1,temperature,T1,24.32
123,1,temperature,T2,24.43
124,0,moisture,M1,67.97
124,0,moisture,M2,72.05
124,0,rain,R,0.0
124,0,temperature,T1,24.34
124,0,temperature,T2,24.38
124,3,moisture,M1,50.51
124,3,moisture,M2,47.79
124,3,rain,R,0.0
124,3,temperature,T1,25.12
124,3,temperature,T2,23.16
124,101,pressure,P,-83.79
125,0,moisture,M1,67.94
125,0,moisture,M2,72.19
125,0,rain,R,0.0
125,0,temperature,T1,24.33
125,0,temperature,T2,24.4
126,1,moisture,M1,99.51
126,1,moisture,M2,111.89
126,1,rain,R,0.0
126,1,temperature,T1,24.29
126,1,temperature,T2,24.35
126,4,moisture,M1,45.86
126,4,moisture,M2,55.41
126,4,rain,R,0.0
126,4,temperature,T1,24.46
126,4,temperature,T2,24.51
127,2,moisture,M1,89.8
127,2,moisture,M2,59.69
127,2,rain,R,0.0
127,2,temperature,T1,23.55
127,2,temperature,T2,26.61
127,101,pressure,P,-84.85
128,0,moisture,M1,68.0
128,0,moisture,M2,72.09
128,0,rain,R,0.0
128,0,temperature,T1,24.31
128,0,temperature,T2,24.39
128,101,pressure,P,-84.73
129,2,moisture,M1,89.91
129,2,moisture,M2,59.81
129,2,rain,R,0.0
129,2,temperature,T1,23.57
129,2,temperature,T2,26.6
129,3,moisture,M1,50.64
129,3,moisture,M2,47.93
129,3,rain,R,0.0
129,3,temperature,T1,25.14
129,3,temperature,T2,23.14
130,3,moisture,M1,50.2
130,3,moisture,M2,47.5
130,3,rain,R,0.0
130,3,temperature,T1,25.12
130,3,temperature,T2,23.17
131,3,moisture,M1,50.4
131,3,moisture,M2,47.77
131,3,rain,R,0.0
131,3,temperature,T1,25.14
131,3,temperature,T2,23.18
131,101,pressure,P,-85.57
132,3,moisture,M1,53.19
132,3,moisture,M2,50.275
132,3,rain,R,600.0
132,3,temperature,T1,25.145000000000003
132,3,temperature,T2,23.175
132,101,pressure,P,-85.3
133,2,moisture,M1,74.83
133,2,moisture,M2,74.8
133,2,rain,R,0.0
133,2,temperature,T1,23.59
133,2,temperature,T2,26.55
134,1,moisture,M1,100.13
134,1,moisture,M2,112.71
134,1,rain,R,0.0
134,1,temperature,T1,24.28
134,1,temperature,T2,24.36
134,101,pressure,P,-85.48
135,1,moisture,M1,100.34
135,1,moisture,M2,112.92
135,1,rain,R,0.0
135,1,temperature,T1,24.2
135,1,temperature,T2,24.32
136,4,moisture,M1,45.86
136,4,moisture,M2,55.38
136,4,rain,R,0.0
136,4,temperature,T1,24.48
136,4,temperature,T2,24.49
137,1,moisture,M1,100.35
137,1,moisture,M2,112.87
137,1,rain,R,0.0
137,1,temperature,T1,24.21
137,1,temperature,T2,24.34
137,2,moisture,M1,75.27
137,2,moisture,M2,75.13
137,2,rain,R,0.0
137,2,temperature,T1,23.45
137,2,temperature,T2,26.48
138,0,moisture,M1,68.15
138,0,moisture,M2,72.26
138,0,rain,R,0.0
138,0,temperature,T1,24.32
138,0,temperature,T2,24.34
138,3,moisture,M1,53.04
138,3,moisture,M2,50.12
138,3,rain,R,0.0
138,3,temperature,T1,25.08
138,3,temperature,T2,23.1
139,0,moisture,M1,68.09
139,0,moisture,M2,72.15
139,0,rain,R,0.0
139,0,temperature,T1,24.26
139,0,temperature,T2,24.34
140,1,moisture,M1,100.07
140,1,moisture,M2,112.49
140,1,rain,R,0.0
140,1,temperature,T1,24.18
140,1,temperature,T2,24.33
140,3,moisture,M1,53.46
140,3,moisture,M2,50.39
140,3,rain,R,0.0
140,3,temperature,T1,25.01
140,3,temperature,T2,23.08
141,0,moisture,M1,68.17
141,0,moisture,M2,72.35
141,0,rain,R,0.0
141,0,temperature,T1,24.31
141,0,temperature,T2,24.36
141,2,moisture,M1,75.35
141,2,moisture,M2,75.26
141,2,rain,R,0.0
141,2,temperature,T1,23.5
141,2,temperature,T2,26.54
142,3,moisture,M1,53.8
142,3,moisture,M2,50.77
142,3,rain,R,500.0
142,3,temperature,T1,25.08
142,3,temperature,T2,23.12
142,4,moisture,M1,45.66
142,4,moisture,M2,55.21
142,4,rain,R,0.0
142,4,temperature,T1,24.44
142,4,temperature,T2,24.47
143,2,moisture,M1,75.32
143,2,moisture,M2,75.36
143,2,rain,R,0.0
143,2,temperature,T1,23.53
143,2,temperature,T2,26.55
143,101,pressure,P,-85.61
144,4,moisture,M1,45.48
144,4,moisture,M2,54.98
144,4,rain,R,0.0
144,4,temperature,T1,24.48
144,4,temperature,T2,24.51
145,101,pressure,P,-85.96
146,2,moisture,M1,90.0
146,2,moisture,M2,60.010000000000005
146,2,rain,R,0.0
146,2,temperature,T1,23.56
146,2,temperature,T2,26.62
146,101,pressure,P,-86.45
147,1,moisture,M1,100.06
147,1,moisture,M2,112.62
147,1,rain,R,0.0
147,1,temperature,T1,24.29
147,1,temperature,T2,24.36
147,4,moisture,M1,45.29
147,4,moisture,M2,54.83
147,4,rain,R,0.0
147,4,temperature,T1,24.48
147,4,temperature,T2,24.51
148,1,moisture,M1,100.5
148,1,moisture,M2,112.96
148,1,rain,R,0.0
148,1,temperature,T1,24.26
148,1,temperature,T2,24.36
149,4,moisture,M1,45.4
149,4,moisture,M2,54.935
149,4,rain,R,0.0
149,4,temperature,T1,24.479999999999997
149,4,temperature,T2,24.54
150,4,moisture,M1,45.62
150,4,moisture,M2,55.34
150,4,rain,R,0.0
150,4,temperature,T1,24.42
150,4,temperature,T2,24.53
151,1,moisture,M1,100.68
151,1,moisture,M2,113.27
151,1,rain,R,0.0
151,1,temperature,T1,24.27
151,1,temperature,T2,24.35
152,2,moisture,M1,74.73
152,2,moisture,M2,74.6
152,2,rain,R,0.0
152,2,temperature,T1,23.52
152,2,temperature,T2,26.55
152,101,pressure,P,-86.59
153,3,moisture,M1,53.59
153,3,moisture,M2,50.66
153,3,rain,R,0.0
153,3,temperature,T1,25.1
153,3,temperature,T2,23.15
154,0,moisture,M1,68.36
154,0,moisture,M2,72.53
154,0,rain,R,0.0
154,0,temperature,T1,24.3
154,0,temperature,T2,24.36
155,2,moisture,M1,77.95
155,2,moisture,M2,77.93
155,2,rain,R,1500.0
155,2,temperature,T1,23.575
155,2,temperature,T2,26.575
155,4,moisture,M1,45.67
155,4,moisture,M2,55.22
155,4,rain,R,0.0
155,4,temperature,T1,24.45
155,4,temperature,T2,24.47
156,0,moisture,M1,68.17
156,0,moisture,M2,72.25
156,0,rain,R,0.0
156,0,temperature,T1,24.29
156,0,temperature,T2,24.4
157,0,moisture,M1,67.74
157,0,moisture,M2,71.94
157,0,rain,R,0.0
157,0,temperature,T1,24.26
157,0,temperature,T2,24.36
157,1,moisture,M1,100.37
157,1,moisture,M2,112.91
157,1,rain,R,0.0
157,1,temperature,T1,24.24
157,1,temperature,T2,24.34
157,4,moisture,M1,45.77
157,4,moisture,M2,55.26
157,4,rain,R,0.0
157,4,temperature,T1,24.51
157,4,temperature,T2,24.52
158,101,pressure,P,-86.97
159,4,moisture,M1,47.62
159,4,moisture,M2,57.14
159,4,rain,R,500.0
159,4,temperature,T1,24.51
159,4,temperature,T2,24.56
160,3,moisture,M1,54.13
160,3,moisture,M2,50.97
160,3,rain,R,0.0
160,3,temperature,T1,25.14
160,3,temperature,T2,23.13
160,4,moisture,M1,47.36
160,4,moisture,M2,57.06
160,4,rain,R,0.0
160,4,temperature,T1,24.47
160,4,temperature,T2,24.52
161,0,moisture,M1,67.53
161,0,moisture,M2,71.74
161,0,rain,R,0.0
161,0,temperature,T1,24.4
161,0,temperature,T2,24.5
161,2,moisture,M1,80.68
161,2,moisture,M2,80.79
161,2,rain,R,0.0
161,2,temperature,T1,23.58
161,2,temperature,T2,26.55
161,4,moisture,M1,47.32
161,4,moisture,M2,56.94
161,4,rain,R,0.0
161,4,temperature,T1,24.53
161,4,temperature,T2,24.58
162,2,moisture,M1,80.7
162,2,moisture,M2,80.85
162,2,rain,R,0.0
162,2,temperature,T1,23.59
162,2,temperature,T2,26.6
162,3,moisture,M1,54.25
162,3,moisture,M2,51.25
162,3,rain,R,0.0
162,3,temperature,T1,25.14
162,3,temperature,T2,23.15
163,0,moisture,M1,82.42
163,0,moisture,M2,87.12
163,0,rain,R,8000.0
163,0,temperature,T1,24.29
163,0,temperature,T2,24.43
163,2,moisture,M1,80.61
163,2,moisture,M2,80.75
163,2,rain,R,0.0
163,2,temperature,T1,23.51
163,2,temperature,T2,26.48
164,2,moisture,M1,80.46
164,2,moisture,M2,80.48
164,2,rain,R,0.0
164,2,temperature,T1,23.47
164,2,temperature,T2,26.52
164,3,moisture,M1,54.25
164,3,moisture,M2,51.11
164,3,rain,R,0.0
164,3,temperature,T1,25.05
164,3,temperature,T2,23.12
165,101,pressure,P,-87.38
166,0,moisture,M1,82.74
166,0,moisture,M2,87.34
166,0,rain,R,0.0
166,0,temperature,T1,24.29
166,0,temperature,T2,24.39
166,3,moisture,M1,54.19
166,3,moisture,M2,51.2
166,3,rain,R,0.0
166,3,temperature,T1,25.09
166,3,temperature,T2,23.14
167,2,moisture,M1,80.06
167,2,moisture,M2,80.1
167,2,rain,R,0.0
167,2,temperature,T1,23.62
167,2,temperature,T2,26.62
168,4,moisture,M1,47.27
168,4,moisture,M2,56.9
168,4,rain,R,0.0
168,4,temperature,T1,24.5
168,4,temperature,T2,24.59
