time_index,sender,modality,estimate
0,0,moisture,39.504553506364886
4,0,moisture,39.16040935898994
6,0,moisture,39.17551439945271
8,0,moisture,39.09018355669042
10,0,moisture,39.12059192751106
13,0,moisture,39.01505493416671
15,0,moisture,39.10999312748231
20,0,moisture,39.297147882735274
22,0,moisture,39.55271661765549
26,0,moisture,44.61958097810882
30,0,moisture,44.320057937489395
32,0,moisture,44.15449736208411
34,0,moisture,44.07535822386407
38,0,moisture,44.24354128570008
39,0,moisture,44.234528804832024
40,0,moisture,44.947160124384325
41,0,moisture,45.95971106434622
45,0,moisture,45.34456849316916
46,0,moisture,45.40548437975799
51,0,moisture,45.69735575519847
53,0,moisture,45.54014085960492
64,0,moisture,44.82005616476878
65,0,moisture,44.859675306352564
72,0,moisture,44.75552634227381
73,0,moisture,59.574212675101904
76,0,moisture,59.6150215560562
83,0,moisture,59.59422053578888
88,0,moisture,59.22486827266012
90,0,moisture,59.35432449744022
95,0,moisture,59.239973313122896
97,0,moisture,59.2103581018826
98,0,moisture,64.58439716813427
99,0,moisture,64.83018747618257
101,0,moisture,64.95454259084339
106,0,moisture,64.94062728975112
108,0,moisture,64.71093347164104
110,0,moisture,64.5298712759828
116,0,moisture,64.38020890062063
117,0,moisture,70.11909398956706
120,0,moisture,70.27915687506288
124,0,moisture,70.01063707494936
125,0,moisture,70.06397322773032
128,0,moisture,70.04555168620402
138,0,moisture,70.20541628180479
139,0,moisture,70.12087859862284
141,0,moisture,70.25974388406117
154,0,moisture,70.44491574036326
156,0,moisture,70.21071568181915
157,0,moisture,69.83938051973952
161,0,moisture,69.63420080275046
163,0,moisture,84.77029127519194
166,0,moisture,85.04138884394158
0,0,temperature,24.389941499231774
4,0,temperature,24.249437011453566
6,0,temperature,24.319518529244508
8,0,temperature,24.294660141845903
10,0,temperature,24.31502488483964
13,0,temperature,24.26013156124492
15,0,temperature,24.229755172852478
20,0,temperature,24.180721302447918
22,0,temperature,24.224578624054963
26,0,temperature,24.125145074460548
30,0,temperature,24.16519165605537
32,0,temperature,24.135156719859253
34,0,temperature,24.184873494656458
38,0,temperature,24.215591335245225
39,0,temperature,24.23459026945367
40,0,temperature,24.23769072214691
41,0,temperature,24.249437011453566
45,0,temperature,24.139991816460444
46,0,temperature,24.177791575852837
51,0,temperature,24.064904475970145
53,0,temperature,24.075086847467016
64,0,temperature,24.230096625048798
65,0,temperature,24.253930655858433
72,0,temperature,24.240108270447507
73,0,temperature,24.22457862405496
76,0,temperature,24.1903914956503
83,0,temperature,24.229755172852478
88,0,temperature,24.410647694421833
90,0,temperature,24.40478824123167
95,0,temperature,24.414799886630377
97,0,temperature,24.37060111282701
98,0,temperature,24.31536633703596
99,0,temperature,24.340224724434567
101,0,temperature,24.355412918630783
106,0,temperature,24.355412918630783
108,0,temperature,24.400294596826804
110,0,temperature,24.310872692631094
116,0,temperature,24.2449433670487
117,0,temperature,24.214908430852578
120,0,temperature,24.31226588434272
124,0,temperature,24.3605894674283
125,0,temperature,24.36508311183317
128,0,temperature,24.34989491763695
138,0,temperature,24.33089598342851
139,0,temperature,24.299836690643417
141,0,temperature,24.335389627833372
154,0,temperature,24.330213079035858
156,0,temperature,24.34437691664311
157,0,temperature,24.3095068838458
161,0,temperature,24.449669919427684
163,0,temperature,24.358882206446683
166,0,temperature,24.33954182004192
0,3,moisture,47.06610433720209
6,3,moisture,47.09445240022805
7,3,moisture,47.110372701165616
9,3,moisture,46.97697478914492
10,3,moisture,46.78038119028497
16,3,moisture,46.736727107095355
17,3,moisture,46.4049785964682
20,3,moisture,46.48760858373804
26,3,moisture,47.52062291879568
30,3,moisture,47.504109797728006
38,3,moisture,48.021781144873216
42,3,moisture,48.59316305677602
43,3,moisture,48.22540274271917
44,3,moisture,48.83756047973631
48,3,moisture,49.08605399199781
52,3,moisture,49.164566429322626
53,3,moisture,48.99456389374213
54,3,moisture,49.62736303209387
66,3,moisture,49.939612860359006
69,3,moisture,50.58951793990852
72,3,moisture,50.00041580603403
73,3,moisture,50.36286219956374
78,3,moisture,50.315036914819586
84,3,moisture,50.54700657569149
87,3,moisture,50.741821714161134
99,3,moisture,50.715844931655596
102,3,moisture,50.2630833498085
105,3,moisture,50.348698898372675
108,3,moisture,50.42482932485515
109,3,moisture,50.17158252123092
110,3,moisture,49.973867664042196
112,3,moisture,49.43314071375434
117,3,moisture,49.3711521278191
119,3,moisture,49.77198160529893
121,3,moisture,49.428419613357306
124,3,moisture,49.148031847611136
129,3,moisture,49.283801040152255
130,3,moisture,48.84757404001665
131,3,moisture,49.08547190218961
132,3,moisture,51.7337960050051
138,3,moisture,51.580613730879236
140,3,moisture,51.92237580178673
142,3,moisture,52.28482219531645
153,3,moisture,52.12722596118053
160,3,moisture,52.54689691896082
162,3,moisture,52.75233989848471
164,3,moisture,52.67794501110491
166,3,moisture,52.69744369346692
0,3,temperature,24.12018857166304
6,3,temperature,24.11978534300426
7,3,temperature,24.069563412760694
9,3,temperature,24.080373933261086
10,3,temperature,24.065267031322136
16,3,temperature,24.050563358041966
17,3,temperature,24.00769326443848
20,3,temperature,23.995238589042287
26,3,temperature,23.96441994217622
30,3,temperature,23.90500040606737
38,3,temperature,24.00013981346901
42,3,temperature,23.975230462676613
43,3,temperature,23.95522233631094
44,3,temperature,23.96462155650561
48,3,temperature,23.910204051988178
52,3,temperature,23.832218930080074
53,3,temperature,23.819865061848567
54,3,temperature,23.86988537776275
66,3,temperature,24.089773153455752
69,3,temperature,24.08507354335842
72,3,temperature,24.0499585150538
73,3,temperature,24.015649944066734
78,3,temperature,23.989732521627392
84,3,temperature,24.10018044529737
87,3,temperature,24.124686567430984
99,3,temperature,24.124686567430984
102,3,temperature,24.195118238369616
105,3,temperature,24.10508166972409
108,3,temperature,24.169805658918442
109,3,temperature,24.074464637187415
110,3,temperature,24.045057290627074
112,3,temperature,24.059962578236632
117,3,temperature,24.05036174371258
119,3,temperature,24.08527515768781
121,3,temperature,24.180414565089443
124,3,temperature,24.139995083699326
129,3,temperature,24.139591855040546
130,3,temperature,24.145097922455435
131,3,temperature,24.160003210064996
132,3,temperature,24.1599024029003
138,3,temperature,24.089773153455752
140,3,temperature,24.045258904956462
142,3,temperature,24.099978830967977
153,3,temperature,24.12508979608976
160,3,temperature,24.134489016284434
162,3,temperature,24.14469469379666
164,3,temperature,24.08527515768781
166,3,temperature,24.115085732906927
1,1,moisture,76.68271745044007
2,1,moisture,76.8120170842324
3,1,moisture,76.81935946946606
8,1,moisture,76.81515099707534
10,1,moisture,83.34621678385061
11,1,moisture,83.6971344616582
12,1,moisture,83.4691588261567
21,1,moisture,83.49244007300615
23,1,moisture,82.70858307364401
25,1,moisture,83.41847762586738
27,1,moisture,83.19050199036587
28,1,moisture,82.92500785152112
29,1,moisture,99.32332132115442
31,1,moisture,99.30648743159153
32,1,moisture,99.35448223301142
37,1,moisture,99.71811509379151
47,1,moisture,99.6674338935022
49,1,moisture,99.48405050669069
50,1,moisture,99.67325420521456
57,1,moisture,99.53714946596247
58,1,moisture,99.34552800845611
59,1,moisture,99.38036011292996
60,1,moisture,98.80773462530681
61,1,moisture,98.92324451657885
68,1,moisture,99.26681980915276
70,1,moisture,99.1770980319989
75,1,moisture,98.97920874880663
82,1,moisture,105.2838209736017
83,1,moisture,105.36834948461744
91,1,moisture,105.15398406003551
92,1,moisture,104.8901017605124
93,1,moisture,105.52236267298018
94,1,moisture,106.38859906426252
100,1,moisture,105.99855104379003
104,1,moisture,105.68210706476903
107,1,moisture,105.75463654667274
111,1,moisture,105.72983322630198
113,1,moisture,105.33951656594255
114,1,moisture,104.77611394276164
116,1,moisture,105.3730054709817
119,1,moisture,105.21048557203717
122,1,moisture,105.29546159702645
123,1,moisture,105.29707343634809
126,1,moisture,105.70135871331438
134,1,moisture,106.41805837099754
135,1,moisture,106.6286628371623
137,1,moisture,106.61021710827778
140,1,moisture,106.28195363174544
147,1,moisture,106.33836537794676
148,1,moisture,106.73217435683642
151,1,moisture,106.97438724883173
157,1,moisture,106.63976618081315
1,1,temperature,24.254745987527627
2,1,temperature,24.319664284188747
3,1,temperature,24.26545775644793
8,1,temperature,24.23985538447739
10,1,temperature,24.190298510998595
11,1,temperature,24.210074178376907
12,1,temperature,24.165402369226182
21,1,temperature,24.140506227453766
23,1,temperature,24.19959781952265
25,1,temperature,24.149805535977812
27,1,temperature,24.059991097544284
28,1,temperature,24.099542432300897
29,1,temperature,24.104898316761044
31,1,temperature,24.10001325243298
32,1,temperature,24.090007713710804
37,1,temperature,24.149570125911772
47,1,temperature,24.109783381089116
49,1,temperature,24.112461323319188
50,1,temperature,24.07464629052848
57,1,temperature,23.989716916423014
58,1,temperature,24.07070286646458
59,1,temperature,24.08512264938274
60,1,temperature,24.115139265549267
61,1,temperature,24.11990662484431
68,1,temperature,24.22078594729721
70,1,temperature,24.249860923199563
75,1,temperature,24.195183575326666
82,1,temperature,24.140035407321683
83,1,temperature,24.164696139028052
91,1,temperature,24.364571503405514
92,1,temperature,24.320135104320833
93,1,temperature,24.31989969425479
94,1,temperature,24.30524450127059
100,1,temperature,24.3396753616331
104,1,temperature,24.334908002338054
107,1,temperature,24.369927387865665
111,1,temperature,24.26963659057787
113,1,temperature,24.210191883409927
114,1,temperature,24.17470167775023
116,1,temperature,24.19471275519458
119,1,temperature,24.28523342382624
122,1,temperature,24.369927387865665
123,1,temperature,24.375283272325817
126,1,temperature,24.319664284188747
134,1,temperature,24.31989969425479
135,1,temperature,24.260337282053825
137,1,temperature,24.275463295170105
140,1,temperature,24.255687627791797
147,1,temperature,24.324784758582854
148,1,temperature,24.310129565598658
151,1,temperature,24.309894155532614
157,1,temperature,24.290118488154306
1,4,moisture,33.70007844566443
2,4,moisture,33.62007795552844
5,4,moisture,33.34749584119885
7,4,moisture,33.75995505202974
9,4,moisture,33.84501745341758
13,4,moisture,33.7500539997521
17,4,moisture,33.70499184343225
20,4,moisture,33.40005185540711
24,4,moisture,33.57511480819795
33,4,moisture,33.59992931951041
35,4,moisture,33.63496666231592
55,4,moisture,33.33501432880061
56,4,moisture,33.21496408910194
58,4,moisture,33.38987852840875
63,4,moisture,33.54494135866558
64,4,moisture,33.63995431682575
74,4,moisture,33.85990616020506
75,4,moisture,33.77501702454859
82,4,moisture,33.01511137724598
83,4,moisture,50.050005351477196
85,4,moisture,50.349945308868826
86,4,moisture,50.655070938749006
89,4,moisture,50.54008261030218
95,4,moisture,50.5901571733792
97,4,moisture,50.6548729207703
100,4,moisture,50.53998360131283
101,4,moisture,50.56492187386199
102,4,moisture,50.59998396891483
114,4,moisture,50.180179413679554
117,4,moisture,50.439908731900815
119,4,moisture,50.404995150332
122,4,moisture,50.7248733496393
126,4,moisture,50.634971807225654
136,4,moisture,50.61993458695415
142,4,moisture,50.434970581885665
144,4,moisture,50.22990744529383
147,4,moisture,50.05995590824952
149,4,moisture,50.16745037880793
150,4,moisture,50.48018125168954
155,4,moisture,50.44497064315267
157,4,moisture,50.51489681527965
159,4,moisture,52.37994536994606
160,4,moisture,52.21016709863311
161,4,moisture,52.130067599507754
168,4,moisture,52.085079699929935
1,4,temperature,24.444954695134864
2,4,temperature,24.46005440479603
5,4,temperature,24.429854985473696
7,4,temperature,24.41475527581253
9,4,temperature,24.44533216846969
13,4,temperature,24.395125627377414
17,4,temperature,24.319815815739002
20,4,temperature,24.319815815739002
24,4,temperature,24.3651149447225
33,4,temperature,24.320193289073824
35,4,temperature,24.335481735402404
55,4,temperature,24.16447751702081
56,4,temperature,24.175236024575433
58,4,temperature,24.21978020688928
63,4,temperature,24.355111383837524
64,4,temperature,24.34982649839392
74,4,temperature,24.434951134249893
75,4,temperature,24.400033039486196
82,4,temperature,24.355300120504936
83,4,temperature,24.424947573364918
85,4,temperature,24.514885252995967
86,4,temperature,24.485535148676988
89,4,temperature,24.534986743099616
95,4,temperature,24.52479444554723
97,4,temperature,24.44457722180004
100,4,temperature,24.505353533779527
101,4,temperature,24.55499386486956
102,4,temperature,24.584815810857066
114,4,temperature,24.41022533703858
117,4,temperature,24.400221776153607
119,4,temperature,24.46439560690257
122,4,temperature,24.594819371742037
126,4,temperature,24.484968938674754
136,4,temperature,24.485346412009577
142,4,temperature,24.455146992687247
144,4,temperature,24.49516123622714
147,4,temperature,24.49516123622714
149,4,temperature,24.509883472553476
150,4,temperature,24.474399167787546
155,4,temperature,24.46024314146344
157,4,temperature,24.515357094664495
159,4,temperature,24.534986743099616
160,4,temperature,24.494972499559722
161,4,temperature,24.55499386486956
168,4,temperature,24.54461283064976
14,2,moisture,49.56458856544562
15,2,moisture,50.235204548240674
18,2,moisture,50.210040152642634
19,2,moisture,50.144225128938984
25,2,moisture,49.55996481453859
26,2,moisture,49.634704344099006
30,2,moisture,49.260360704382364
35,2,moisture,49.04087353192726
44,2,moisture,49.16981194635707
45,2,moisture,49.275308610294445
50,2,moisture,49.244443810598376
53,2,moisture,54.95037421064008
59,2,moisture,70.04040056859606
62,2,moisture,70.11535542879467
65,2,moisture,70.18901830516407
66,2,moisture,75.6954638508462
67,2,moisture,75.79956086563527
68,2,moisture,75.73030640953469
69,2,moisture,75.72998341357737
71,2,moisture,75.66513737774562
74,2,moisture,74.88053088643285
77,2,moisture,75.19981431872728
79,2,moisture,74.80503769963875
81,2,moisture,74.76976447967385
86,2,moisture,74.73986866784969
88,2,moisture,74.65512797924153
96,2,moisture,74.59963711054291
98,2,moisture,74.12990563125575
101,2,moisture,73.91041845880065
103,2,moisture,73.84503409637341
106,2,moisture,74.27519160074596
112,2,moisture,74.18034208777092
118,2,moisture,74.26949119664792
127,2,moisture,74.74524607599042
129,2,moisture,74.86020557238004
133,2,moisture,74.8148235280483
137,2,moisture,75.20046031064189
141,2,moisture,75.30520331734556
143,2,moisture,75.33950754943857
146,2,moisture,75.00463021931743
152,2,moisture,74.66534446892747
155,2,moisture,77.94013189781204
161,2,moisture,80.73475602708527
162,2,moisture,80.77454533263808
163,2,moisture,80.67958815434397
164,2,moisture,80.47020980625572
167,2,moisture,80.0800569380742
14,2,temperature,24.9788306740746
15,2,temperature,24.97956466426982
18,2,temperature,24.869709197421386
19,2,temperature,24.88442258282973
25,2,temperature,24.89667814041936
26,2,temperature,24.80546186718842
30,2,temperature,24.830228839600736
35,2,temperature,24.869709197421386
44,2,temperature,24.853527831622603
45,2,temperature,24.820175252596762
50,2,temperature,24.838814446214258
53,2,temperature,24.810855655788018
59,2,temperature,24.831696819991173
62,2,temperature,24.899869958433293
65,2,temperature,24.952339864038798
66,2,temperature,24.98422446267419
67,2,temperature,25.050673763492824
68,2,temperature,25.008991435086504
69,2,temperature,25.0499397732976
71,2,temperature,24.98532544796703
74,2,temperature,24.938616326058728
77,2,temperature,24.9300307194452
79,2,temperature,24.90599773722811
81,2,temperature,24.928562739054755
86,2,temperature,25.03915219609841
88,2,temperature,25.12031488232538
96,2,temperature,25.133560287343283
98,2,temperature,25.042088156879295
101,2,temperature,25.10560149691704
103,2,temperature,25.07470674570991
106,2,temperature,25.03522638788926
112,2,temperature,25.00433163668213
118,2,temperature,24.98961825127379
127,2,temperature,25.078632553919064
129,2,temperature,25.08476033271388
133,2,temperature,25.0722489178912
137,2,temperature,24.964117288666255
141,2,temperature,25.019045022090474
143,2,temperature,25.039886186293636
146,2,temperature,25.08868614092303
152,2,temperature,25.034492397694038
155,2,temperature,25.075807731002744
161,2,temperature,25.066855129291607
162,2,temperature,25.09554790991307
163,2,temperature,24.996480020263824
164,2,temperature,24.993544059482943
167,2,temperature,25.121048872520603
